per_char_accuracy,full_word_accuracy,svm_baseline_char,svm_baseline_word
79.06542056074767,38.31775700934579,45.61,1.9737873497785188
