input_size,parameters,val_accuracy,training_time_sec
32x32,622099,85.04672897196262,16.42436385154724
28x28,392723,54.205607476635514,12.66918683052063
48x48,1277459,9.345794392523365,29.604827880859375
